place_id,nome,latitude,longitude,rating,review_count,endereco,bairro_pesquisa,status_geo_orig,bairro_detectado_orig,rodadas,r1,r2,g1,g2,g3,r3
ChIJK5wkTyeMpJIRBC5v_53r8fw,Açaí do Francisco,-1.44779,-48.478122,,141,"Açaí do Francisco - Av. Alcindo Cacela, 1254 entre jose malcher, R. João Balbi, e - Brás, Belém - PA, 66060-000",São Francisco,BAIRRO_VIZINHO,São Brás,r3,False,False,False,False,False,True
ChIJw-i3DXkVpJIRTAkSXBN_uCk,Açaí vip o melhor do Pará,-1.111232,-48.412315,,1,"Açaí vip o melhor do Pará - Rua Marabá, São Francisco, 40, Belém - PA, 66920-450",São Francisco,FORA_BAIRRO,,r3,False,False,False,False,False,True
ChIJA7YrBLMVpJIRnw0QGdHUIvI,Sorveteria Pai d'egua,-1.108182,-48.416537,,9,"Sorveteria Pai d'egua - Estr. do São Francisco, 61 - São Francisco, Belém - PA, 66920-780",São Francisco,DENTRO,São Francisco,r3,False,False,False,False,False,True
ChIJdR4s0meNpJIRP5KmOqvDv5k,Açaí do Anderson,-1.448592,-48.470963,,10,"Açaí do Anderson - Tv. Francisco Caldeira Castelo Branco - Fátima, Belém - PA, 66060-220",São Francisco,BAIRRO_VIZINHO,Fátima,r3,False,False,False,False,False,True
ChIJC99BQHyNpJIRwQRhe22UflE,Açaí do Seu Ronaldo-Açaí 3 M,-1.46141,-48.477847,,2,"Açaí do Seu Ronaldo-Açaí 3 M - Passagem União, 214 - A - Cremação, Belém - PA, 66045-550",São Francisco,BAIRRO_VIZINHO,Cremação,r3,False,False,False,False,False,True
ChIJH34UPAAVpJIREnp2fCYyZBg,Açaí da Bia,-1.107857,-48.413318,,0,"Açaí da Bia - Alameda São Jorge, 134 - São Francisco, Belém - PA, 66923-110",São Francisco,DENTRO,São Francisco,r3,False,False,False,False,False,True
ChIJz5jH4EEVpJIRDQawosHKjJY,Keise sorveteria e Delícias da Walda,-1.109817,-48.414488,,2,"Keise sorveteria e Delícias da Walda - R. Marabá, N° 236 - São Francisco, Belém - PA, 66920-450",São Francisco,DENTRO,São Francisco,r3,False,False,False,False,False,True
ChIJ_ebgeO4VpJIRgwDMtcGCAaA,CLUBE CHURRASCO DA ILHA,-1.108561,-48.417399,,38,"CLUBE CHURRASCO DA ILHA - Estr. do São Francisco, 70 - São Francisco, Belém - PA, 66920-790",São Francisco,DENTRO,São Francisco,r3,False,False,False,False,False,True
ChIJ5StXgoqOpJIRN5uUsOve_PM,Martins,-1.45981,-48.496671,,3,"Martins - Tv. São Francisco - Belém, PA, 66030-270",São Francisco,BAIRRO_VIZINHO,Jurunas,r3,False,False,False,False,False,True
ChIJG0Tm2ImLpJIR8kUL30o9B7Y,Açaí & Cia Caseira,-1.404969,-48.446658,,0,"Açaí & Cia Caseira - Passagem São Francisco - Marambaia, Belém - PA, 66615-020",São Francisco,BAIRRO_VIZINHO,Marambaia,r3,False,False,False,False,False,True
ChIJ-TjRY7aLpJIR9cgdVG0VWEo,Açaí do Abraão Sacramenta,-1.41235,-48.46633,,1,"Açaí do Abraão Sacramenta - Passagem Vila Nova, 96 - Sacramenta, Belém - PA, 66120-510",São Francisco,BAIRRO_VIZINHO,Sacramenta,r3,False,False,False,False,False,True
ChIJB23qwu2LpJIRDGQOiX_01lE,Açaí do Neco,-1.419093,-48.462208,,53,"Açaí do Neco - Av. Marquês de Herval, 2598 - Pedreira, Belém - PA, 66087-320",São Francisco,BAIRRO_VIZINHO,Pedreira,r3,False,False,False,False,False,True
ChIJFazU5pmLpJIR7drsaRQtB_A,Açaí e Restô Imperial,-1.417785,-48.448434,,190,"Açaí e Restô Imperial - Passagem Getúlio Vargas, nº 17 - Souza, Belém - PA, 66613-070",São Francisco,BAIRRO_VIZINHO,Souza,r3,False,False,False,False,False,True
ChIJ3zWRsPGLpJIROrxHw2UZcFI,Açaí do Rei,-1.423811,-48.465812,,29,"Açaí do Rei - Av. Marquês de Herval, 2027 - Pedreira, Belém - PA, 66083-317",São Francisco,BAIRRO_VIZINHO,Pedreira,r3,False,False,False,False,False,True
